YearStart,YearEnd,LocationAbbr,LocationDesc,Data_Value,Total,Gender,GeoLocation,Stratification1,StratificationCategoryId1,StratificationID1
2011,2011,AL,Alabama,32.3,,Male,"(32.84057112200048, -86.63186076199969)",Male,GEN,MALE
2011,2011,AL,Alabama,31.8,,Female,"(32.84057112200048, -86.63186076199969)",Female,GEN,FEMALE
2012,2012,AL,Alabama,31.8,,Male,"(32.84057112200048, -86.63186076199969)",Male,GEN,MALE
2012,2012,AL,Alabama,34.1,,Female,"(32.84057112200048, -86.63186076199969)",Female,GEN,FEMALE
2013,2013,AL,Alabama,30.9,,Male,"(32.84057112200048, -86.63186076199969)",Male,GEN,MALE
2013,2013,AL,Alabama,34,,Female,"(32.84057112200048, -86.63186076199969)",Female,GEN,FEMALE
2014,2014,AL,Alabama,34.1,,Male,"(32.84057112200048, -86.63186076199969)",Male,GEN,MALE
2014,2014,AL,Alabama,32.9,,Female,"(32.84057112200048, -86.63186076199969)",Female,GEN,FEMALE
2015,2015,AL,Alabama,34.9,,Male,"(32.84057112200048, -86.63186076199969)",Male,GEN,MALE
2015,2015,AL,Alabama,36.4,,Female,"(32.84057112200048, -86.63186076199969)",Female,GEN,FEMALE
2011,2011,AK,Alaska,28,,Male,"(64.84507995700051, -147.72205903599973)",Male,GEN,MALE
2011,2011,AK,Alaska,26.7,,Female,"(64.84507995700051, -147.72205903599973)",Female,GEN,FEMALE
2012,2012,AK,Alaska,25.9,,Male,"(64.84507995700051, -147.72205903599973)",Male,GEN,MALE
2012,2012,AK,Alaska,25.4,,Female,"(64.84507995700051, -147.72205903599973)",Female,GEN,FEMALE
2013,2013,AK,Alaska,29.2,,Male,"(64.84507995700051, -147.72205903599973)",Male,GEN,MALE
2013,2013,AK,Alaska,27.5,,Female,"(64.84507995700051, -147.72205903599973)",Female,GEN,FEMALE
2014,2014,AK,Alaska,29.3,,Male,"(64.84507995700051, -147.72205903599973)",Male,GEN,MALE
2014,2014,AK,Alaska,30.2,,Female,"(64.84507995700051, -147.72205903599973)",Female,GEN,FEMALE
2015,2015,AK,Alaska,29.3,,Male,"(64.84507995700051, -147.72205903599973)",Male,GEN,MALE
2015,2015,AK,Alaska,30.5,,Female,"(64.84507995700051, -147.72205903599973)",Female,GEN,FEMALE
2011,2011,AZ,Arizona,24.4,,Male,"(34.865970280000454, -111.76381127699972)",Male,GEN,MALE
2011,2011,AZ,Arizona,25.8,,Female,"(34.865970280000454, -111.76381127699972)",Female,GEN,FEMALE
2012,2012,AZ,Arizona,26.4,,Male,"(34.865970280000454, -111.76381127699972)",Male,GEN,MALE
2012,2012,AZ,Arizona,25.6,,Female,"(34.865970280000454, -111.76381127699972)",Female,GEN,FEMALE
2013,2013,AZ,Arizona,26.5,,Male,"(34.865970280000454, -111.76381127699972)",Male,GEN,MALE
2013,2013,AZ,Arizona,27.1,,Female,"(34.865970280000454, -111.76381127699972)",Female,GEN,FEMALE
2014,2014,AZ,Arizona,29.1,,Male,"(34.865970280000454, -111.76381127699972)",Male,GEN,MALE
2014,2014,AZ,Arizona,28.8,,Female,"(34.865970280000454, -111.76381127699972)",Female,GEN,FEMALE
2015,2015,AZ,Arizona,29.6,,Male,"(34.865970280000454, -111.76381127699972)",Male,GEN,MALE
2015,2015,AZ,Arizona,27.1,,Female,"(34.865970280000454, -111.76381127699972)",Female,GEN,FEMALE
2011,2011,AR,Arkansas,30.7,,Male,"(34.74865012400045, -92.27449074299966)",Male,GEN,MALE
2011,2011,AR,Arkansas,31.2,,Female,"(34.74865012400045, -92.27449074299966)",Female,GEN,FEMALE
2012,2012,AR,Arkansas,34,,Male,"(34.74865012400045, -92.27449074299966)",Male,GEN,MALE
2012,2012,AR,Arkansas,35.1,,Female,"(34.74865012400045, -92.27449074299966)",Female,GEN,FEMALE
2013,2013,AR,Arkansas,35.2,,Male,"(34.74865012400045, -92.27449074299966)",Male,GEN,MALE
2013,2013,AR,Arkansas,34.1,,Female,"(34.74865012400045, -92.27449074299966)",Female,GEN,FEMALE
2014,2014,AR,Arkansas,35.8,,Male,"(34.74865012400045, -92.27449074299966)",Male,GEN,MALE
2014,2014,AR,Arkansas,36,,Female,"(34.74865012400045, -92.27449074299966)",Female,GEN,FEMALE
2015,2015,AR,Arkansas,35.1,,Male,"(34.74865012400045, -92.27449074299966)",Male,GEN,MALE
2015,2015,AR,Arkansas,33.9,,Female,"(34.74865012400045, -92.27449074299966)",Female,GEN,FEMALE
2011,2011,CA,California,23.1,,Male,"(37.63864012300047, -120.99999953799971)",Male,GEN,MALE
2011,2011,CA,California,24.5,,Female,"(37.63864012300047, -120.99999953799971)",Female,GEN,FEMALE
2012,2012,CA,California,26.2,,Male,"(37.63864012300047, -120.99999953799971)",Male,GEN,MALE
2012,2012,CA,California,23.8,,Female,"(37.63864012300047, -120.99999953799971)",Female,GEN,FEMALE
2013,2013,CA,California,25.1,,Male,"(37.63864012300047, -120.99999953799971)",Male,GEN,MALE
2013,2013,CA,California,23.1,,Female,"(37.63864012300047, -120.99999953799971)",Female,GEN,FEMALE
2014,2014,CA,California,24,,Male,"(37.63864012300047, -120.99999953799971)",Male,GEN,MALE
2014,2014,CA,California,25.4,,Female,"(37.63864012300047, -120.99999953799971)",Female,GEN,FEMALE
2015,2015,CA,California,24.6,,Male,"(37.63864012300047, -120.99999953799971)",Male,GEN,MALE
2015,2015,CA,California,23.7,,Female,"(37.63864012300047, -120.99999953799971)",Female,GEN,FEMALE
2011,2011,CO,Colorado,21.1,,Male,"(38.843840757000464, -106.13361092099967)",Male,GEN,MALE
2011,2011,CO,Colorado,20.3,,Female,"(38.843840757000464, -106.13361092099967)",Female,GEN,FEMALE
2012,2012,CO,Colorado,21.1,,Male,"(38.843840757000464, -106.13361092099967)",Male,GEN,MALE
2012,2012,CO,Colorado,19.8,,Female,"(38.843840757000464, -106.13361092099967)",Female,GEN,FEMALE
2013,2013,CO,Colorado,20.8,,Male,"(38.843840757000464, -106.13361092099967)",Male,GEN,MALE
2013,2013,CO,Colorado,21.8,,Female,"(38.843840757000464, -106.13361092099967)",Female,GEN,FEMALE
2014,2014,CO,Colorado,21.9,,Male,"(38.843840757000464, -106.13361092099967)",Male,GEN,MALE
2014,2014,CO,Colorado,20.7,,Female,"(38.843840757000464, -106.13361092099967)",Female,GEN,FEMALE
2015,2015,CO,Colorado,20.2,,Male,"(38.843840757000464, -106.13361092099967)",Male,GEN,MALE
2015,2015,CO,Colorado,20.2,,Female,"(38.843840757000464, -106.13361092099967)",Female,GEN,FEMALE
2011,2011,CT,Connecticut,25.4,,Male,"(41.56266102000046, -72.64984095199964)",Male,GEN,MALE
2011,2011,CT,Connecticut,23.6,,Female,"(41.56266102000046, -72.64984095199964)",Female,GEN,FEMALE
2012,2012,CT,Connecticut,27.1,,Male,"(41.56266102000046, -72.64984095199964)",Male,GEN,MALE
2012,2012,CT,Connecticut,24.1,,Female,"(41.56266102000046, -72.64984095199964)",Female,GEN,FEMALE
2013,2013,CT,Connecticut,25.5,,Male,"(41.56266102000046, -72.64984095199964)",Male,GEN,MALE
2013,2013,CT,Connecticut,24.4,,Female,"(41.56266102000046, -72.64984095199964)",Female,GEN,FEMALE
2014,2014,CT,Connecticut,26.5,,Male,"(41.56266102000046, -72.64984095199964)",Male,GEN,MALE
2014,2014,CT,Connecticut,26,,Female,"(41.56266102000046, -72.64984095199964)",Female,GEN,FEMALE
2015,2015,CT,Connecticut,26.6,,Male,"(41.56266102000046, -72.64984095199964)",Male,GEN,MALE
2015,2015,CT,Connecticut,23.9,,Female,"(41.56266102000046, -72.64984095199964)",Female,GEN,FEMALE
2011,2011,DE,Delaware,29,,Male,"(39.008830667000495, -75.57774116799965)",Male,GEN,MALE
2011,2011,DE,Delaware,28.6,,Female,"(39.008830667000495, -75.57774116799965)",Female,GEN,FEMALE
2012,2012,DE,Delaware,26,,Male,"(39.008830667000495, -75.57774116799965)",Male,GEN,MALE
2012,2012,DE,Delaware,27.8,,Female,"(39.008830667000495, -75.57774116799965)",Female,GEN,FEMALE
2013,2013,DE,Delaware,30.6,,Male,"(39.008830667000495, -75.57774116799965)",Male,GEN,MALE
2013,2013,DE,Delaware,31.5,,Female,"(39.008830667000495, -75.57774116799965)",Female,GEN,FEMALE
2014,2014,DE,Delaware,29.4,,Male,"(39.008830667000495, -75.57774116799965)",Male,GEN,MALE
2014,2014,DE,Delaware,31.9,,Female,"(39.008830667000495, -75.57774116799965)",Female,GEN,FEMALE
2015,2015,DE,Delaware,28.1,,Male,"(39.008830667000495, -75.57774116799965)",Male,GEN,MALE
2015,2015,DE,Delaware,31.2,,Female,"(39.008830667000495, -75.57774116799965)",Female,GEN,FEMALE
2011,2011,DC,District of Columbia,18.6,,Male,"(38.89037138500049, -77.03196112699965)",Male,GEN,MALE
2011,2011,DC,District of Columbia,28.4,,Female,"(38.89037138500049, -77.03196112699965)",Female,GEN,FEMALE
2012,2012,DC,District of Columbia,17.9,,Male,"(38.89037138500049, -77.03196112699965)",Male,GEN,MALE
2012,2012,DC,District of Columbia,25.5,,Female,"(38.89037138500049, -77.03196112699965)",Female,GEN,FEMALE
2013,2013,DC,District of Columbia,20.6,,Male,"(38.89037138500049, -77.03196112699965)",Male,GEN,MALE
2013,2013,DC,District of Columbia,24.9,,Female,"(38.89037138500049, -77.03196112699965)",Female,GEN,FEMALE
2014,2014,DC,District of Columbia,19.5,,Male,"(38.89037138500049, -77.03196112699965)",Male,GEN,MALE
2014,2014,DC,District of Columbia,23.7,,Female,"(38.89037138500049, -77.03196112699965)",Female,GEN,FEMALE
2015,2015,DC,District of Columbia,17.6,,Male,"(38.89037138500049, -77.03196112699965)",Male,GEN,MALE
2015,2015,DC,District of Columbia,26.4,,Female,"(38.89037138500049, -77.03196112699965)",Female,GEN,FEMALE
2011,2011,FL,Florida,27.7,,Male,"(28.932040377000476, -81.92896053899966)",Male,GEN,MALE
2011,2011,FL,Florida,25.6,,Female,"(28.932040377000476, -81.92896053899966)",Female,GEN,FEMALE
2012,2012,FL,Florida,26.5,,Male,"(28.932040377000476, -81.92896053899966)",Male,GEN,MALE
2012,2012,FL,Florida,23.9,,Female,"(28.932040377000476, -81.92896053899966)",Female,GEN,FEMALE
2013,2013,FL,Florida,27.5,,Male,"(28.932040377000476, -81.92896053899966)",Male,GEN,MALE
2013,2013,FL,Florida,25.3,,Female,"(28.932040377000476, -81.92896053899966)",Female,GEN,FEMALE
2014,2014,FL,Florida,25.8,,Male,"(28.932040377000476, -81.92896053899966)",Male,GEN,MALE
2014,2014,FL,Florida,26.6,,Female,"(28.932040377000476, -81.92896053899966)",Female,GEN,FEMALE
2015,2015,FL,Florida,27.7,,Male,"(28.932040377000476, -81.92896053899966)",Male,GEN,MALE
2015,2015,FL,Florida,25.9,,Female,"(28.932040377000476, -81.92896053899966)",Female,GEN,FEMALE
2011,2011,GA,Georgia,26.7,,Male,"(32.83968109300048, -83.62758034599966)",Male,GEN,MALE
2011,2011,GA,Georgia,29.3,,Female,"(32.83968109300048, -83.62758034599966)",Female,GEN,FEMALE
2012,2012,GA,Georgia,27.7,,Male,"(32.83968109300048, -83.62758034599966)",Male,GEN,MALE
2012,2012,GA,Georgia,30.5,,Female,"(32.83968109300048, -83.62758034599966)",Female,GEN,FEMALE
2013,2013,GA,Georgia,29.2,,Male,"(32.83968109300048, -83.62758034599966)",Male,GEN,MALE
2013,2013,GA,Georgia,31.5,,Female,"(32.83968109300048, -83.62758034599966)",Female,GEN,FEMALE
2014,2014,GA,Georgia,28.6,,Male,"(32.83968109300048, -83.62758034599966)",Male,GEN,MALE
2014,2014,GA,Georgia,32.4,,Female,"(32.83968109300048, -83.62758034599966)",Female,GEN,FEMALE
2015,2015,GA,Georgia,29.1,,Male,"(32.83968109300048, -83.62758034599966)",Male,GEN,MALE
2015,2015,GA,Georgia,32.3,,Female,"(32.83968109300048, -83.62758034599966)",Female,GEN,FEMALE
2014,2014,GU,Guam,27,,Male,"(13.444304, 144.793731)",Male,GEN,MALE
2014,2014,GU,Guam,29,,Female,"(13.444304, 144.793731)",Female,GEN,FEMALE
2015,2015,GU,Guam,33.4,,Male,"(13.444304, 144.793731)",Male,GEN,MALE
2015,2015,GU,Guam,29.6,,Female,"(13.444304, 144.793731)",Female,GEN,FEMALE
2011,2011,HI,Hawaii,24.4,,Male,"(21.304850435000446, -157.85774940299973)",Male,GEN,MALE
2011,2011,HI,Hawaii,19.2,,Female,"(21.304850435000446, -157.85774940299973)",Female,GEN,FEMALE
2012,2012,HI,Hawaii,26.8,,Male,"(21.304850435000446, -157.85774940299973)",Male,GEN,MALE
2012,2012,HI,Hawaii,20.3,,Female,"(21.304850435000446, -157.85774940299973)",Female,GEN,FEMALE
2013,2013,HI,Hawaii,24.7,,Male,"(21.304850435000446, -157.85774940299973)",Male,GEN,MALE
2013,2013,HI,Hawaii,18.7,,Female,"(21.304850435000446, -157.85774940299973)",Female,GEN,FEMALE
2014,2014,HI,Hawaii,23.1,,Male,"(21.304850435000446, -157.85774940299973)",Male,GEN,MALE
2014,2014,HI,Hawaii,21,,Female,"(21.304850435000446, -157.85774940299973)",Female,GEN,FEMALE
2015,2015,HI,Hawaii,25.5,,Male,"(21.304850435000446, -157.85774940299973)",Male,GEN,MALE
2015,2015,HI,Hawaii,19.7,,Female,"(21.304850435000446, -157.85774940299973)",Female,GEN,FEMALE
2011,2011,ID,Idaho,26.2,,Male,"(43.682630005000476, -114.3637300419997)",Male,GEN,MALE
2011,2011,ID,Idaho,27.9,,Female,"(43.682630005000476, -114.3637300419997)",Female,GEN,FEMALE
2012,2012,ID,Idaho,27.3,,Male,"(43.682630005000476, -114.3637300419997)",Male,GEN,MALE
2012,2012,ID,Idaho,26.2,,Female,"(43.682630005000476, -114.3637300419997)",Female,GEN,FEMALE
2013,2013,ID,Idaho,31.2,,Male,"(43.682630005000476, -114.3637300419997)",Male,GEN,MALE
2013,2013,ID,Idaho,27.9,,Female,"(43.682630005000476, -114.3637300419997)",Female,GEN,FEMALE
2014,2014,ID,Idaho,28.7,,Male,"(43.682630005000476, -114.3637300419997)",Male,GEN,MALE
2014,2014,ID,Idaho,29.2,,Female,"(43.682630005000476, -114.3637300419997)",Female,GEN,FEMALE
2015,2015,ID,Idaho,29.8,,Male,"(43.682630005000476, -114.3637300419997)",Male,GEN,MALE
2015,2015,ID,Idaho,27.3,,Female,"(43.682630005000476, -114.3637300419997)",Female,GEN,FEMALE
2011,2011,IL,Illinois,27.7,,Male,"(40.48501028300046, -88.99771017799969)",Male,GEN,MALE
2011,2011,IL,Illinois,26.5,,Female,"(40.48501028300046, -88.99771017799969)",Female,GEN,FEMALE
2012,2012,IL,Illinois,28.3,,Male,"(40.48501028300046, -88.99771017799969)",Male,GEN,MALE
2012,2012,IL,Illinois,28,,Female,"(40.48501028300046, -88.99771017799969)",Female,GEN,FEMALE
2013,2013,IL,Illinois,28.3,,Male,"(40.48501028300046, -88.99771017799969)",Male,GEN,MALE
2013,2013,IL,Illinois,30.5,,Female,"(40.48501028300046, -88.99771017799969)",Female,GEN,FEMALE
2014,2014,IL,Illinois,27.9,,Male,"(40.48501028300046, -88.99771017799969)",Male,GEN,MALE
2014,2014,IL,Illinois,30.7,,Female,"(40.48501028300046, -88.99771017799969)",Female,GEN,FEMALE
2015,2015,IL,Illinois,29.7,,Male,"(40.48501028300046, -88.99771017799969)",Male,GEN,MALE
2015,2015,IL,Illinois,31.9,,Female,"(40.48501028300046, -88.99771017799969)",Female,GEN,FEMALE
2011,2011,IN,Indiana,30.9,,Male,"(39.766910452000445, -86.14996019399968)",Male,GEN,MALE
2011,2011,IN,Indiana,30.8,,Female,"(39.766910452000445, -86.14996019399968)",Female,GEN,FEMALE
2012,2012,IN,Indiana,31.8,,Male,"(39.766910452000445, -86.14996019399968)",Male,GEN,MALE
2012,2012,IN,Indiana,30.9,,Female,"(39.766910452000445, -86.14996019399968)",Female,GEN,FEMALE
2013,2013,IN,Indiana,31.1,,Male,"(39.766910452000445, -86.14996019399968)",Male,GEN,MALE
2013,2013,IN,Indiana,32.6,,Female,"(39.766910452000445, -86.14996019399968)",Female,GEN,FEMALE
2014,2014,IN,Indiana,32.5,,Male,"(39.766910452000445, -86.14996019399968)",Male,GEN,MALE
2014,2014,IN,Indiana,33,,Female,"(39.766910452000445, -86.14996019399968)",Female,GEN,FEMALE
2015,2015,IN,Indiana,31.9,,Male,"(39.766910452000445, -86.14996019399968)",Male,GEN,MALE
2015,2015,IN,Indiana,30.7,,Female,"(39.766910452000445, -86.14996019399968)",Female,GEN,FEMALE
2011,2011,IA,Iowa,30.4,,Male,"(42.46940091300047, -93.81649055599968)",Male,GEN,MALE
2011,2011,IA,Iowa,27.4,,Female,"(42.46940091300047, -93.81649055599968)",Female,GEN,FEMALE
2012,2012,IA,Iowa,31.5,,Male,"(42.46940091300047, -93.81649055599968)",Male,GEN,MALE
2012,2012,IA,Iowa,29.3,,Female,"(42.46940091300047, -93.81649055599968)",Female,GEN,FEMALE
2013,2013,IA,Iowa,32.4,,Male,"(42.46940091300047, -93.81649055599968)",Male,GEN,MALE
2013,2013,IA,Iowa,30.1,,Female,"(42.46940091300047, -93.81649055599968)",Female,GEN,FEMALE
2014,2014,IA,Iowa,32,,Male,"(42.46940091300047, -93.81649055599968)",Male,GEN,MALE
2014,2014,IA,Iowa,29.8,,Female,"(42.46940091300047, -93.81649055599968)",Female,GEN,FEMALE
2015,2015,IA,Iowa,34.8,,Male,"(42.46940091300047, -93.81649055599968)",Male,GEN,MALE
2015,2015,IA,Iowa,29.3,,Female,"(42.46940091300047, -93.81649055599968)",Female,GEN,FEMALE
2011,2011,KS,Kansas,30,,Male,"(38.34774030000045, -98.20078122699965)",Male,GEN,MALE
2011,2011,KS,Kansas,29.1,,Female,"(38.34774030000045, -98.20078122699965)",Female,GEN,FEMALE
2012,2012,KS,Kansas,30.6,,Male,"(38.34774030000045, -98.20078122699965)",Male,GEN,MALE
2012,2012,KS,Kansas,29,,Female,"(38.34774030000045, -98.20078122699965)",Female,GEN,FEMALE
2013,2013,KS,Kansas,30.5,,Male,"(38.34774030000045, -98.20078122699965)",Male,GEN,MALE
2013,2013,KS,Kansas,29.4,,Female,"(38.34774030000045, -98.20078122699965)",Female,GEN,FEMALE
2014,2014,KS,Kansas,31.1,,Male,"(38.34774030000045, -98.20078122699965)",Male,GEN,MALE
2014,2014,KS,Kansas,31.5,,Female,"(38.34774030000045, -98.20078122699965)",Female,GEN,FEMALE
2015,2015,KS,Kansas,35.1,,Male,"(38.34774030000045, -98.20078122699965)",Male,GEN,MALE
2015,2015,KS,Kansas,33.3,,Female,"(38.34774030000045, -98.20078122699965)",Female,GEN,FEMALE
2011,2011,KY,Kentucky,29.6,,Male,"(37.645970271000465, -84.77497104799966)",Male,GEN,MALE
2011,2011,KY,Kentucky,31.1,,Female,"(37.645970271000465, -84.77497104799966)",Female,GEN,FEMALE
2012,2012,KY,Kentucky,31.5,,Male,"(37.645970271000465, -84.77497104799966)",Male,GEN,MALE
2012,2012,KY,Kentucky,31,,Female,"(37.645970271000465, -84.77497104799966)",Female,GEN,FEMALE
2013,2013,KY,Kentucky,33.3,,Male,"(37.645970271000465, -84.77497104799966)",Male,GEN,MALE
2013,2013,KY,Kentucky,33.1,,Female,"(37.645970271000465, -84.77497104799966)",Female,GEN,FEMALE
2014,2014,KY,Kentucky,33.3,,Male,"(37.645970271000465, -84.77497104799966)",Male,GEN,MALE
2014,2014,KY,Kentucky,29.9,,Female,"(37.645970271000465, -84.77497104799966)",Female,GEN,FEMALE
2015,2015,KY,Kentucky,36.2,,Male,"(37.645970271000465, -84.77497104799966)",Male,GEN,MALE
2015,2015,KY,Kentucky,32.9,,Female,"(37.645970271000465, -84.77497104799966)",Female,GEN,FEMALE
2011,2011,LA,Louisiana,33,,Male,"(31.31266064400046, -92.44568007099969)",Male,GEN,MALE
2011,2011,LA,Louisiana,33.8,,Female,"(31.31266064400046, -92.44568007099969)",Female,GEN,FEMALE
2012,2012,LA,Louisiana,33.5,,Male,"(31.31266064400046, -92.44568007099969)",Male,GEN,MALE
2012,2012,LA,Louisiana,35.9,,Female,"(31.31266064400046, -92.44568007099969)",Female,GEN,FEMALE
2013,2013,LA,Louisiana,31.1,,Male,"(31.31266064400046, -92.44568007099969)",Male,GEN,MALE
2013,2013,LA,Louisiana,35,,Female,"(31.31266064400046, -92.44568007099969)",Female,GEN,FEMALE
2014,2014,LA,Louisiana,34,,Male,"(31.31266064400046, -92.44568007099969)",Male,GEN,MALE
2014,2014,LA,Louisiana,35.7,,Female,"(31.31266064400046, -92.44568007099969)",Female,GEN,FEMALE
2015,2015,LA,Louisiana,35.9,,Male,"(31.31266064400046, -92.44568007099969)",Male,GEN,MALE
2015,2015,LA,Louisiana,36.5,,Female,"(31.31266064400046, -92.44568007099969)",Female,GEN,FEMALE
2011,2011,ME,Maine,28.1,,Male,"(45.254228894000505, -68.98503133599962)",Male,GEN,MALE
2011,2011,ME,Maine,27.6,,Female,"(45.254228894000505, -68.98503133599962)",Female,GEN,FEMALE
2012,2012,ME,Maine,30.1,,Male,"(45.254228894000505, -68.98503133599962)",Male,GEN,MALE
2012,2012,ME,Maine,26.6,,Female,"(45.254228894000505, -68.98503133599962)",Female,GEN,FEMALE
2013,2013,ME,Maine,29.1,,Male,"(45.254228894000505, -68.98503133599962)",Male,GEN,MALE
2013,2013,ME,Maine,28.7,,Female,"(45.254228894000505, -68.98503133599962)",Female,GEN,FEMALE
2014,2014,ME,Maine,27.9,,Male,"(45.254228894000505, -68.98503133599962)",Male,GEN,MALE
2014,2014,ME,Maine,28.5,,Female,"(45.254228894000505, -68.98503133599962)",Female,GEN,FEMALE
2015,2015,ME,Maine,29.1,,Male,"(45.254228894000505, -68.98503133599962)",Male,GEN,MALE
2015,2015,ME,Maine,30.9,,Female,"(45.254228894000505, -68.98503133599962)",Female,GEN,FEMALE
2011,2011,MD,Maryland,28.7,,Male,"(39.29058096400047, -76.60926011099963)",Male,GEN,MALE
2011,2011,MD,Maryland,27.9,,Female,"(39.29058096400047, -76.60926011099963)",Female,GEN,FEMALE
2012,2012,MD,Maryland,26.5,,Male,"(39.29058096400047, -76.60926011099963)",Male,GEN,MALE
2012,2012,MD,Maryland,28.7,,Female,"(39.29058096400047, -76.60926011099963)",Female,GEN,FEMALE
2013,2013,MD,Maryland,27.8,,Male,"(39.29058096400047, -76.60926011099963)",Male,GEN,MALE
2013,2013,MD,Maryland,28.8,,Female,"(39.29058096400047, -76.60926011099963)",Female,GEN,FEMALE
2014,2014,MD,Maryland,27.8,,Male,"(39.29058096400047, -76.60926011099963)",Male,GEN,MALE
2014,2014,MD,Maryland,31.3,,Female,"(39.29058096400047, -76.60926011099963)",Female,GEN,FEMALE
2015,2015,MD,Maryland,28,,Male,"(39.29058096400047, -76.60926011099963)",Male,GEN,MALE
2015,2015,MD,Maryland,29.8,,Female,"(39.29058096400047, -76.60926011099963)",Female,GEN,FEMALE
2011,2011,MA,Massachusetts,24.1,,Male,"(42.27687047000046, -72.08269067499964)",Male,GEN,MALE
2011,2011,MA,Massachusetts,21.4,,Female,"(42.27687047000046, -72.08269067499964)",Female,GEN,FEMALE
2012,2012,MA,Massachusetts,24.6,,Male,"(42.27687047000046, -72.08269067499964)",Male,GEN,MALE
2012,2012,MA,Massachusetts,21.2,,Female,"(42.27687047000046, -72.08269067499964)",Female,GEN,FEMALE
2013,2013,MA,Massachusetts,25.9,,Male,"(42.27687047000046, -72.08269067499964)",Male,GEN,MALE
2013,2013,MA,Massachusetts,21.4,,Female,"(42.27687047000046, -72.08269067499964)",Female,GEN,FEMALE
2014,2014,MA,Massachusetts,23.6,,Male,"(42.27687047000046, -72.08269067499964)",Male,GEN,MALE
2014,2014,MA,Massachusetts,23,,Female,"(42.27687047000046, -72.08269067499964)",Female,GEN,FEMALE
2015,2015,MA,Massachusetts,25.5,,Male,"(42.27687047000046, -72.08269067499964)",Male,GEN,MALE
2015,2015,MA,Massachusetts,23,,Female,"(42.27687047000046, -72.08269067499964)",Female,GEN,FEMALE
2011,2011,MI,Michigan,31.9,,Male,"(44.6613195430005, -84.71439026999968)",Male,GEN,MALE
2011,2011,MI,Michigan,30.7,,Female,"(44.6613195430005, -84.71439026999968)",Female,GEN,FEMALE
2012,2012,MI,Michigan,31.5,,Male,"(44.6613195430005, -84.71439026999968)",Male,GEN,MALE
2012,2012,MI,Michigan,30.6,,Female,"(44.6613195430005, -84.71439026999968)",Female,GEN,FEMALE
2013,2013,MI,Michigan,31.1,,Male,"(44.6613195430005, -84.71439026999968)",Male,GEN,MALE
2013,2013,MI,Michigan,31.9,,Female,"(44.6613195430005, -84.71439026999968)",Female,GEN,FEMALE
2014,2014,MI,Michigan,30.9,,Male,"(44.6613195430005, -84.71439026999968)",Male,GEN,MALE
2014,2014,MI,Michigan,30.6,,Female,"(44.6613195430005, -84.71439026999968)",Female,GEN,FEMALE
2015,2015,MI,Michigan,31.7,,Male,"(44.6613195430005, -84.71439026999968)",Male,GEN,MALE
2015,2015,MI,Michigan,30.6,,Female,"(44.6613195430005, -84.71439026999968)",Female,GEN,FEMALE
2011,2011,MN,Minnesota,28.4,,Male,"(46.35564873600049, -94.79420050299967)",Male,GEN,MALE
2011,2011,MN,Minnesota,22.9,,Female,"(46.35564873600049, -94.79420050299967)",Female,GEN,FEMALE
2012,2012,MN,Minnesota,27.8,,Male,"(46.35564873600049, -94.79420050299967)",Male,GEN,MALE
2012,2012,MN,Minnesota,23.6,,Female,"(46.35564873600049, -94.79420050299967)",Female,GEN,FEMALE
2013,2013,MN,Minnesota,27,,Male,"(46.35564873600049, -94.79420050299967)",Male,GEN,MALE
2013,2013,MN,Minnesota,23.8,,Female,"(46.35564873600049, -94.79420050299967)",Female,GEN,FEMALE
2014,2014,MN,Minnesota,29.7,,Male,"(46.35564873600049, -94.79420050299967)",Male,GEN,MALE
2014,2014,MN,Minnesota,25.4,,Female,"(46.35564873600049, -94.79420050299967)",Female,GEN,FEMALE
2015,2015,MN,Minnesota,27.8,,Male,"(46.35564873600049, -94.79420050299967)",Male,GEN,MALE
2015,2015,MN,Minnesota,24.3,,Female,"(46.35564873600049, -94.79420050299967)",Female,GEN,FEMALE
2011,2011,MS,Mississippi,32.4,,Male,"(32.745510099000455, -89.53803082499968)",Male,GEN,MALE
2011,2011,MS,Mississippi,37.3,,Female,"(32.745510099000455, -89.53803082499968)",Female,GEN,FEMALE
2012,2012,MS,Mississippi,31.8,,Male,"(32.745510099000455, -89.53803082499968)",Male,GEN,MALE
2012,2012,MS,Mississippi,37.3,,Female,"(32.745510099000455, -89.53803082499968)",Female,GEN,FEMALE
2013,2013,MS,Mississippi,33.8,,Male,"(32.745510099000455, -89.53803082499968)",Male,GEN,MALE
2013,2013,MS,Mississippi,36.4,,Female,"(32.745510099000455, -89.53803082499968)",Female,GEN,FEMALE
2014,2014,MS,Mississippi,32.9,,Male,"(32.745510099000455, -89.53803082499968)",Male,GEN,MALE
2014,2014,MS,Mississippi,37.9,,Female,"(32.745510099000455, -89.53803082499968)",Female,GEN,FEMALE
2015,2015,MS,Mississippi,33.9,,Male,"(32.745510099000455, -89.53803082499968)",Male,GEN,MALE
2015,2015,MS,Mississippi,37.2,,Female,"(32.745510099000455, -89.53803082499968)",Female,GEN,FEMALE
2011,2011,MO,Missouri,29.8,,Male,"(38.635790776000476, -92.56630005299968)",Male,GEN,MALE
2011,2011,MO,Missouri,30.7,,Female,"(38.635790776000476, -92.56630005299968)",Female,GEN,FEMALE
2012,2012,MO,Missouri,29.6,,Male,"(38.635790776000476, -92.56630005299968)",Male,GEN,MALE
2012,2012,MO,Missouri,29.6,,Female,"(38.635790776000476, -92.56630005299968)",Female,GEN,FEMALE
2013,2013,MO,Missouri,30.7,,Male,"(38.635790776000476, -92.56630005299968)",Male,GEN,MALE
2013,2013,MO,Missouri,30.2,,Female,"(38.635790776000476, -92.56630005299968)",Female,GEN,FEMALE
2014,2014,MO,Missouri,30.2,,Male,"(38.635790776000476, -92.56630005299968)",Male,GEN,MALE
2014,2014,MO,Missouri,30.2,,Female,"(38.635790776000476, -92.56630005299968)",Female,GEN,FEMALE
2015,2015,MO,Missouri,33.5,,Male,"(38.635790776000476, -92.56630005299968)",Male,GEN,MALE
2015,2015,MO,Missouri,31.2,,Female,"(38.635790776000476, -92.56630005299968)",Female,GEN,FEMALE
2011,2011,MT,Montana,25.8,,Male,"(47.06652897200047, -109.42442064499971)",Male,GEN,MALE
2011,2011,MT,Montana,23.3,,Female,"(47.06652897200047, -109.42442064499971)",Female,GEN,FEMALE
2012,2012,MT,Montana,25.2,,Male,"(47.06652897200047, -109.42442064499971)",Male,GEN,MALE
2012,2012,MT,Montana,23.4,,Female,"(47.06652897200047, -109.42442064499971)",Female,GEN,FEMALE
2013,2013,MT,Montana,26.1,,Male,"(47.06652897200047, -109.42442064499971)",Male,GEN,MALE
2013,2013,MT,Montana,23.1,,Female,"(47.06652897200047, -109.42442064499971)",Female,GEN,FEMALE
2014,2014,MT,Montana,27.7,,Male,"(47.06652897200047, -109.42442064499971)",Male,GEN,MALE
2014,2014,MT,Montana,24.9,,Female,"(47.06652897200047, -109.42442064499971)",Female,GEN,FEMALE
2015,2015,MT,Montana,23.7,,Male,"(47.06652897200047, -109.42442064499971)",Male,GEN,MALE
2015,2015,MT,Montana,23.4,,Female,"(47.06652897200047, -109.42442064499971)",Female,GEN,FEMALE
2011,2011,US,National,27.1,,Female,,Female,GEN,FEMALE
2011,2011,NE,Nebraska,29.2,,Male,"(41.6410409880005, -99.36572062299967)",Male,GEN,MALE
2011,2011,NE,Nebraska,27.6,,Female,"(41.6410409880005, -99.36572062299967)",Female,GEN,FEMALE
2012,2012,NE,Nebraska,29.2,,Male,"(41.6410409880005, -99.36572062299967)",Male,GEN,MALE
2012,2012,NE,Nebraska,28.1,,Female,"(41.6410409880005, -99.36572062299967)",Female,GEN,FEMALE
2013,2013,NE,Nebraska,30.8,,Male,"(41.6410409880005, -99.36572062299967)",Male,GEN,MALE
2013,2013,NE,Nebraska,28.4,,Female,"(41.6410409880005, -99.36572062299967)",Female,GEN,FEMALE
2014,2014,NE,Nebraska,31.7,,Male,"(41.6410409880005, -99.36572062299967)",Male,GEN,MALE
2014,2014,NE,Nebraska,28.7,,Female,"(41.6410409880005, -99.36572062299967)",Female,GEN,FEMALE
2015,2015,NE,Nebraska,32.9,,Male,"(41.6410409880005, -99.36572062299967)",Male,GEN,MALE
2015,2015,NE,Nebraska,29.8,,Female,"(41.6410409880005, -99.36572062299967)",Female,GEN,FEMALE
2011,2011,NV,Nevada,25.5,,Male,"(39.493240390000494, -117.07184056399967)",Male,GEN,MALE
2011,2011,NV,Nevada,23.4,,Female,"(39.493240390000494, -117.07184056399967)",Female,GEN,FEMALE
2012,2012,NV,Nevada,26.5,,Male,"(39.493240390000494, -117.07184056399967)",Male,GEN,MALE
2012,2012,NV,Nevada,25.8,,Female,"(39.493240390000494, -117.07184056399967)",Female,GEN,FEMALE
2013,2013,NV,Nevada,25.9,,Male,"(39.493240390000494, -117.07184056399967)",Male,GEN,MALE
2013,2013,NV,Nevada,26.6,,Female,"(39.493240390000494, -117.07184056399967)",Female,GEN,FEMALE
2014,2014,NV,Nevada,29.9,,Male,"(39.493240390000494, -117.07184056399967)",Male,GEN,MALE
2014,2014,NV,Nevada,25.4,,Female,"(39.493240390000494, -117.07184056399967)",Female,GEN,FEMALE
2015,2015,NV,Nevada,27.9,,Male,"(39.493240390000494, -117.07184056399967)",Male,GEN,MALE
2015,2015,NV,Nevada,25.4,,Female,"(39.493240390000494, -117.07184056399967)",Female,GEN,FEMALE
2011,2011,NH,New Hampshire,28.3,,Male,"(43.65595011300047, -71.50036091999965)",Male,GEN,MALE
2011,2011,NH,New Hampshire,24.1,,Female,"(43.65595011300047, -71.50036091999965)",Female,GEN,FEMALE
2012,2012,NH,New Hampshire,28.9,,Male,"(43.65595011300047, -71.50036091999965)",Male,GEN,MALE
2012,2012,NH,New Hampshire,25.6,,Female,"(43.65595011300047, -71.50036091999965)",Female,GEN,FEMALE
2013,2013,NH,New Hampshire,28.7,,Male,"(43.65595011300047, -71.50036091999965)",Male,GEN,MALE
2013,2013,NH,New Hampshire,24.8,,Female,"(43.65595011300047, -71.50036091999965)",Female,GEN,FEMALE
2014,2014,NH,New Hampshire,29.5,,Male,"(43.65595011300047, -71.50036091999965)",Male,GEN,MALE
2014,2014,NH,New Hampshire,25.3,,Female,"(43.65595011300047, -71.50036091999965)",Female,GEN,FEMALE
2015,2015,NH,New Hampshire,28,,Male,"(43.65595011300047, -71.50036091999965)",Male,GEN,MALE
2015,2015,NH,New Hampshire,24.6,,Female,"(43.65595011300047, -71.50036091999965)",Female,GEN,FEMALE
2011,2011,NJ,New Jersey,25.6,,Male,"(40.13057004800049, -74.27369128799967)",Male,GEN,MALE
2011,2011,NJ,New Jersey,21.8,,Female,"(40.13057004800049, -74.27369128799967)",Female,GEN,FEMALE
2012,2012,NJ,New Jersey,26.3,,Male,"(40.13057004800049, -74.27369128799967)",Male,GEN,MALE
2012,2012,NJ,New Jersey,22.9,,Female,"(40.13057004800049, -74.27369128799967)",Female,GEN,FEMALE
2013,2013,NJ,New Jersey,27.8,,Male,"(40.13057004800049, -74.27369128799967)",Male,GEN,MALE
2013,2013,NJ,New Jersey,24.9,,Female,"(40.13057004800049, -74.27369128799967)",Female,GEN,FEMALE
2014,2014,NJ,New Jersey,28.5,,Male,"(40.13057004800049, -74.27369128799967)",Male,GEN,MALE
2014,2014,NJ,New Jersey,25.3,,Female,"(40.13057004800049, -74.27369128799967)",Female,GEN,FEMALE
2015,2015,NJ,New Jersey,27.4,,Male,"(40.13057004800049, -74.27369128799967)",Male,GEN,MALE
2015,2015,NJ,New Jersey,23.7,,Female,"(40.13057004800049, -74.27369128799967)",Female,GEN,FEMALE
2011,2011,NM,New Mexico,26.3,,Male,"(34.52088095200048, -106.24058098499967)",Male,GEN,MALE
2011,2011,NM,New Mexico,26.3,,Female,"(34.52088095200048, -106.24058098499967)",Female,GEN,FEMALE
2012,2012,NM,New Mexico,26.7,,Male,"(34.52088095200048, -106.24058098499967)",Male,GEN,MALE
2012,2012,NM,New Mexico,27.5,,Female,"(34.52088095200048, -106.24058098499967)",Female,GEN,FEMALE
2013,2013,NM,New Mexico,25.6,,Male,"(34.52088095200048, -106.24058098499967)",Male,GEN,MALE
2013,2013,NM,New Mexico,27.1,,Female,"(34.52088095200048, -106.24058098499967)",Female,GEN,FEMALE
2014,2014,NM,New Mexico,27.5,,Male,"(34.52088095200048, -106.24058098499967)",Male,GEN,MALE
2014,2014,NM,New Mexico,29.4,,Female,"(34.52088095200048, -106.24058098499967)",Female,GEN,FEMALE
2015,2015,NM,New Mexico,29.2,,Male,"(34.52088095200048, -106.24058098499967)",Male,GEN,MALE
2015,2015,NM,New Mexico,28.5,,Female,"(34.52088095200048, -106.24058098499967)",Female,GEN,FEMALE
2011,2011,NY,New York,25.3,,Male,"(42.82700103200045, -75.54397042699964)",Male,GEN,MALE
2011,2011,NY,New York,23.7,,Female,"(42.82700103200045, -75.54397042699964)",Female,GEN,FEMALE
2012,2012,NY,New York,24.3,,Male,"(42.82700103200045, -75.54397042699964)",Male,GEN,MALE
2012,2012,NY,New York,22.9,,Female,"(42.82700103200045, -75.54397042699964)",Female,GEN,FEMALE
2013,2013,NY,New York,24.7,,Male,"(42.82700103200045, -75.54397042699964)",Male,GEN,MALE
2013,2013,NY,New York,26.1,,Female,"(42.82700103200045, -75.54397042699964)",Female,GEN,FEMALE
2014,2014,NY,New York,27.8,,Male,"(42.82700103200045, -75.54397042699964)",Male,GEN,MALE
2014,2014,NY,New York,26.2,,Female,"(42.82700103200045, -75.54397042699964)",Female,GEN,FEMALE
2015,2015,NY,New York,25.8,,Male,"(42.82700103200045, -75.54397042699964)",Male,GEN,MALE
2015,2015,NY,New York,24.3,,Female,"(42.82700103200045, -75.54397042699964)",Female,GEN,FEMALE
2011,2011,NC,North Carolina,28.3,,Male,"(35.466220975000454, -79.15925046299964)",Male,GEN,MALE
2011,2011,NC,North Carolina,30,,Female,"(35.466220975000454, -79.15925046299964)",Female,GEN,FEMALE
2012,2012,NC,North Carolina,29.5,,Male,"(35.466220975000454, -79.15925046299964)",Male,GEN,MALE
2012,2012,NC,North Carolina,29.6,,Female,"(35.466220975000454, -79.15925046299964)",Female,GEN,FEMALE
2013,2013,NC,North Carolina,28.6,,Male,"(35.466220975000454, -79.15925046299964)",Male,GEN,MALE
2013,2013,NC,North Carolina,30.2,,Female,"(35.466220975000454, -79.15925046299964)",Female,GEN,FEMALE
2014,2014,NC,North Carolina,28.3,,Male,"(35.466220975000454, -79.15925046299964)",Male,GEN,MALE
2014,2014,NC,North Carolina,31.1,,Female,"(35.466220975000454, -79.15925046299964)",Female,GEN,FEMALE
2015,2015,NC,North Carolina,28.9,,Male,"(35.466220975000454, -79.15925046299964)",Male,GEN,MALE
2015,2015,NC,North Carolina,31.3,,Female,"(35.466220975000454, -79.15925046299964)",Female,GEN,FEMALE
2011,2011,ND,North Dakota,30,,Male,"(47.47531977900047, -100.11842104899966)",Male,GEN,MALE
2011,2011,ND,North Dakota,25.4,,Female,"(47.47531977900047, -100.11842104899966)",Female,GEN,FEMALE
2012,2012,ND,North Dakota,32.3,,Male,"(47.47531977900047, -100.11842104899966)",Male,GEN,MALE
2012,2012,ND,North Dakota,26.7,,Female,"(47.47531977900047, -100.11842104899966)",Female,GEN,FEMALE
2013,2013,ND,North Dakota,33.7,,Male,"(47.47531977900047, -100.11842104899966)",Male,GEN,MALE
2013,2013,ND,North Dakota,28,,Female,"(47.47531977900047, -100.11842104899966)",Female,GEN,FEMALE
2014,2014,ND,North Dakota,34.7,,Male,"(47.47531977900047, -100.11842104899966)",Male,GEN,MALE
2014,2014,ND,North Dakota,29.5,,Female,"(47.47531977900047, -100.11842104899966)",Female,GEN,FEMALE
2015,2015,ND,North Dakota,34.5,,Male,"(47.47531977900047, -100.11842104899966)",Male,GEN,MALE
2015,2015,ND,North Dakota,27.1,,Female,"(47.47531977900047, -100.11842104899966)",Female,GEN,FEMALE
2011,2011,OH,Ohio,31.6,,Male,"(40.06021014100048, -82.40426005599966)",Male,GEN,MALE
2011,2011,OH,Ohio,27.6,,Female,"(40.06021014100048, -82.40426005599966)",Female,GEN,FEMALE
2012,2012,OH,Ohio,30.5,,Male,"(40.06021014100048, -82.40426005599966)",Male,GEN,MALE
2012,2012,OH,Ohio,29.7,,Female,"(40.06021014100048, -82.40426005599966)",Female,GEN,FEMALE
2013,2013,OH,Ohio,30,,Male,"(40.06021014100048, -82.40426005599966)",Male,GEN,MALE
2013,2013,OH,Ohio,30.8,,Female,"(40.06021014100048, -82.40426005599966)",Female,GEN,FEMALE
2014,2014,OH,Ohio,32.8,,Male,"(40.06021014100048, -82.40426005599966)",Male,GEN,MALE
2014,2014,OH,Ohio,32.5,,Female,"(40.06021014100048, -82.40426005599966)",Female,GEN,FEMALE
2015,2015,OH,Ohio,31.1,,Male,"(40.06021014100048, -82.40426005599966)",Male,GEN,MALE
2015,2015,OH,Ohio,28.4,,Female,"(40.06021014100048, -82.40426005599966)",Female,GEN,FEMALE
2011,2011,OK,Oklahoma,30.6,,Male,"(35.47203135600046, -97.52107021399968)",Male,GEN,MALE
2011,2011,OK,Oklahoma,31.5,,Female,"(35.47203135600046, -97.52107021399968)",Female,GEN,FEMALE
2012,2012,OK,Oklahoma,33.1,,Male,"(35.47203135600046, -97.52107021399968)",Male,GEN,MALE
2012,2012,OK,Oklahoma,31.4,,Female,"(35.47203135600046, -97.52107021399968)",Female,GEN,FEMALE
2013,2013,OK,Oklahoma,32.9,,Male,"(35.47203135600046, -97.52107021399968)",Male,GEN,MALE
2013,2013,OK,Oklahoma,32.2,,Female,"(35.47203135600046, -97.52107021399968)",Female,GEN,FEMALE
2014,2014,OK,Oklahoma,33.5,,Male,"(35.47203135600046, -97.52107021399968)",Male,GEN,MALE
2014,2014,OK,Oklahoma,32.5,,Female,"(35.47203135600046, -97.52107021399968)",Female,GEN,FEMALE
2015,2015,OK,Oklahoma,33.7,,Male,"(35.47203135600046, -97.52107021399968)",Male,GEN,MALE
2015,2015,OK,Oklahoma,34,,Female,"(35.47203135600046, -97.52107021399968)",Female,GEN,FEMALE
2011,2011,OR,Oregon,26.3,,Male,"(44.56744942400047, -120.15503132599969)",Male,GEN,MALE
2011,2011,OR,Oregon,27.2,,Female,"(44.56744942400047, -120.15503132599969)",Female,GEN,FEMALE
2012,2012,OR,Oregon,27.4,,Male,"(44.56744942400047, -120.15503132599969)",Male,GEN,MALE
2012,2012,OR,Oregon,27.3,,Female,"(44.56744942400047, -120.15503132599969)",Female,GEN,FEMALE
2013,2013,OR,Oregon,28,,Male,"(44.56744942400047, -120.15503132599969)",Male,GEN,MALE
2013,2013,OR,Oregon,25,,Female,"(44.56744942400047, -120.15503132599969)",Female,GEN,FEMALE
2014,2014,OR,Oregon,27.1,,Male,"(44.56744942400047, -120.15503132599969)",Male,GEN,MALE
2014,2014,OR,Oregon,28.7,,Female,"(44.56744942400047, -120.15503132599969)",Female,GEN,FEMALE
2015,2015,OR,Oregon,31.1,,Male,"(44.56744942400047, -120.15503132599969)",Male,GEN,MALE
2015,2015,OR,Oregon,28.9,,Female,"(44.56744942400047, -120.15503132599969)",Female,GEN,FEMALE
2011,2011,PA,Pennsylvania,29.5,,Male,"(40.79373015200048, -77.86070029399963)",Male,GEN,MALE
2011,2011,PA,Pennsylvania,27.6,,Female,"(40.79373015200048, -77.86070029399963)",Female,GEN,FEMALE
2012,2012,PA,Pennsylvania,28.9,,Male,"(40.79373015200048, -77.86070029399963)",Male,GEN,MALE
2012,2012,PA,Pennsylvania,29.2,,Female,"(40.79373015200048, -77.86070029399963)",Female,GEN,FEMALE
2013,2013,PA,Pennsylvania,30.3,,Male,"(40.79373015200048, -77.86070029399963)",Male,GEN,MALE
2013,2013,PA,Pennsylvania,29.7,,Female,"(40.79373015200048, -77.86070029399963)",Female,GEN,FEMALE
2014,2014,PA,Pennsylvania,31.2,,Male,"(40.79373015200048, -77.86070029399963)",Male,GEN,MALE
2014,2014,PA,Pennsylvania,29.1,,Female,"(40.79373015200048, -77.86070029399963)",Female,GEN,FEMALE
2015,2015,PA,Pennsylvania,29.9,,Male,"(40.79373015200048, -77.86070029399963)",Male,GEN,MALE
2015,2015,PA,Pennsylvania,30.1,,Female,"(40.79373015200048, -77.86070029399963)",Female,GEN,FEMALE
2013,2013,PR,Puerto Rico,26.7,,Male,"(18.220833, -66.590149)",Male,GEN,MALE
2013,2013,PR,Puerto Rico,29.1,,Female,"(18.220833, -66.590149)",Female,GEN,FEMALE
2014,2014,PR,Puerto Rico,26.8,,Male,"(18.220833, -66.590149)",Male,GEN,MALE
2014,2014,PR,Puerto Rico,29.6,,Female,"(18.220833, -66.590149)",Female,GEN,FEMALE
2015,2015,PR,Puerto Rico,27.8,,Male,"(18.220833, -66.590149)",Male,GEN,MALE
2015,2015,PR,Puerto Rico,31.1,,Female,"(18.220833, -66.590149)",Female,GEN,FEMALE
2011,2011,RI,Rhode Island,27.6,,Male,"(41.70828019300046, -71.52247031399963)",Male,GEN,MALE
2011,2011,RI,Rhode Island,23.3,,Female,"(41.70828019300046, -71.52247031399963)",Female,GEN,FEMALE
2012,2012,RI,Rhode Island,27.8,,Male,"(41.70828019300046, -71.52247031399963)",Male,GEN,MALE
2012,2012,RI,Rhode Island,23.8,,Female,"(41.70828019300046, -71.52247031399963)",Female,GEN,FEMALE
2013,2013,RI,Rhode Island,28.5,,Male,"(41.70828019300046, -71.52247031399963)",Male,GEN,MALE
2013,2013,RI,Rhode Island,26.1,,Female,"(41.70828019300046, -71.52247031399963)",Female,GEN,FEMALE
2014,2014,RI,Rhode Island,28.2,,Male,"(41.70828019300046, -71.52247031399963)",Male,GEN,MALE
2014,2014,RI,Rhode Island,25.8,,Female,"(41.70828019300046, -71.52247031399963)",Female,GEN,FEMALE
2015,2015,RI,Rhode Island,27.9,,Male,"(41.70828019300046, -71.52247031399963)",Male,GEN,MALE
2015,2015,RI,Rhode Island,24.1,,Female,"(41.70828019300046, -71.52247031399963)",Female,GEN,FEMALE
2011,2011,SC,South Carolina,28.6,,Male,"(33.998821303000454, -81.04537120699968)",Male,GEN,MALE
2011,2011,SC,South Carolina,33,,Female,"(33.998821303000454, -81.04537120699968)",Female,GEN,FEMALE
2012,2012,SC,South Carolina,30.1,,Male,"(33.998821303000454, -81.04537120699968)",Male,GEN,MALE
2012,2012,SC,South Carolina,33,,Female,"(33.998821303000454, -81.04537120699968)",Female,GEN,FEMALE
2013,2013,SC,South Carolina,30.1,,Male,"(33.998821303000454, -81.04537120699968)",Male,GEN,MALE
2013,2013,SC,South Carolina,33.4,,Female,"(33.998821303000454, -81.04537120699968)",Female,GEN,FEMALE
2014,2014,SC,South Carolina,31.7,,Male,"(33.998821303000454, -81.04537120699968)",Male,GEN,MALE
2014,2014,SC,South Carolina,32.4,,Female,"(33.998821303000454, -81.04537120699968)",Female,GEN,FEMALE
2015,2015,SC,South Carolina,30.3,,Male,"(33.998821303000454, -81.04537120699968)",Male,GEN,MALE
2015,2015,SC,South Carolina,33.1,,Female,"(33.998821303000454, -81.04537120699968)",Female,GEN,FEMALE
2011,2011,SD,South Dakota,29.9,,Male,"(44.353130053000484, -100.3735306369997)",Male,GEN,MALE
2011,2011,SD,South Dakota,26.3,,Female,"(44.353130053000484, -100.3735306369997)",Female,GEN,FEMALE
2012,2012,SD,South Dakota,28.7,,Male,"(44.353130053000484, -100.3735306369997)",Male,GEN,MALE
2012,2012,SD,South Dakota,27.5,,Female,"(44.353130053000484, -100.3735306369997)",Female,GEN,FEMALE
2013,2013,SD,South Dakota,32,,Male,"(44.353130053000484, -100.3735306369997)",Male,GEN,MALE
2013,2013,SD,South Dakota,27.6,,Female,"(44.353130053000484, -100.3735306369997)",Female,GEN,FEMALE
2014,2014,SD,South Dakota,31.5,,Male,"(44.353130053000484, -100.3735306369997)",Male,GEN,MALE
2014,2014,SD,South Dakota,28.1,,Female,"(44.353130053000484, -100.3735306369997)",Female,GEN,FEMALE
2015,2015,SD,South Dakota,32.2,,Male,"(44.353130053000484, -100.3735306369997)",Male,GEN,MALE
2015,2015,SD,South Dakota,28.5,,Female,"(44.353130053000484, -100.3735306369997)",Female,GEN,FEMALE
2011,2011,TN,Tennessee,28,,Male,"(35.68094058000048, -85.77449091399967)",Male,GEN,MALE
2011,2011,TN,Tennessee,30.4,,Female,"(35.68094058000048, -85.77449091399967)",Female,GEN,FEMALE
2012,2012,TN,Tennessee,30.4,,Male,"(35.68094058000048, -85.77449091399967)",Male,GEN,MALE
2012,2012,TN,Tennessee,31.8,,Female,"(35.68094058000048, -85.77449091399967)",Female,GEN,FEMALE
2013,2013,TN,Tennessee,32.8,,Male,"(35.68094058000048, -85.77449091399967)",Male,GEN,MALE
2013,2013,TN,Tennessee,34.6,,Female,"(35.68094058000048, -85.77449091399967)",Female,GEN,FEMALE
2014,2014,TN,Tennessee,32,,Male,"(35.68094058000048, -85.77449091399967)",Male,GEN,MALE
2014,2014,TN,Tennessee,30.5,,Female,"(35.68094058000048, -85.77449091399967)",Female,GEN,FEMALE
2015,2015,TN,Tennessee,33.1,,Male,"(35.68094058000048, -85.77449091399967)",Male,GEN,MALE
2015,2015,TN,Tennessee,34.5,,Female,"(35.68094058000048, -85.77449091399967)",Female,GEN,FEMALE
2011,2011,TX,Texas,30.9,,Male,"(31.827240407000488, -99.42677020599967)",Male,GEN,MALE
2011,2011,TX,Texas,29.9,,Female,"(31.827240407000488, -99.42677020599967)",Female,GEN,FEMALE
2012,2012,TX,Texas,28.5,,Male,"(31.827240407000488, -99.42677020599967)",Male,GEN,MALE
2012,2012,TX,Texas,30,,Female,"(31.827240407000488, -99.42677020599967)",Female,GEN,FEMALE
2013,2013,TX,Texas,29.6,,Male,"(31.827240407000488, -99.42677020599967)",Male,GEN,MALE
2013,2013,TX,Texas,32.2,,Female,"(31.827240407000488, -99.42677020599967)",Female,GEN,FEMALE
2014,2014,TX,Texas,33.2,,Male,"(31.827240407000488, -99.42677020599967)",Male,GEN,MALE
2014,2014,TX,Texas,30.7,,Female,"(31.827240407000488, -99.42677020599967)",Female,GEN,FEMALE
2015,2015,TX,Texas,31.7,,Male,"(31.827240407000488, -99.42677020599967)",Male,GEN,MALE
2015,2015,TX,Texas,33.1,,Female,"(31.827240407000488, -99.42677020599967)",Female,GEN,FEMALE
2011,2011,UT,Utah,25.8,,Male,"(39.360700171000474, -111.58713063499971)",Male,GEN,MALE
2011,2011,UT,Utah,22.9,,Female,"(39.360700171000474, -111.58713063499971)",Female,GEN,FEMALE
2012,2012,UT,Utah,24.6,,Male,"(39.360700171000474, -111.58713063499971)",Male,GEN,MALE
2012,2012,UT,Utah,24,,Female,"(39.360700171000474, -111.58713063499971)",Female,GEN,FEMALE
2013,2013,UT,Utah,24.6,,Male,"(39.360700171000474, -111.58713063499971)",Male,GEN,MALE
2013,2013,UT,Utah,23.7,,Female,"(39.360700171000474, -111.58713063499971)",Female,GEN,FEMALE
2014,2014,UT,Utah,25.7,,Male,"(39.360700171000474, -111.58713063499971)",Male,GEN,MALE
2014,2014,UT,Utah,25.8,,Female,"(39.360700171000474, -111.58713063499971)",Female,GEN,FEMALE
2015,2015,UT,Utah,24.9,,Male,"(39.360700171000474, -111.58713063499971)",Male,GEN,MALE
2015,2015,UT,Utah,24,,Female,"(39.360700171000474, -111.58713063499971)",Female,GEN,FEMALE
2011,2011,VT,Vermont,27.3,,Male,"(43.62538123900049, -72.51764079099962)",Male,GEN,MALE
2011,2011,VT,Vermont,23.6,,Female,"(43.62538123900049, -72.51764079099962)",Female,GEN,FEMALE
2012,2012,VT,Vermont,24.4,,Male,"(43.62538123900049, -72.51764079099962)",Male,GEN,MALE
2012,2012,VT,Vermont,23,,Female,"(43.62538123900049, -72.51764079099962)",Female,GEN,FEMALE
2013,2013,VT,Vermont,25.7,,Male,"(43.62538123900049, -72.51764079099962)",Male,GEN,MALE
2013,2013,VT,Vermont,23.8,,Female,"(43.62538123900049, -72.51764079099962)",Female,GEN,FEMALE
2014,2014,VT,Vermont,25.3,,Male,"(43.62538123900049, -72.51764079099962)",Male,GEN,MALE
2014,2014,VT,Vermont,24.2,,Female,"(43.62538123900049, -72.51764079099962)",Female,GEN,FEMALE
2015,2015,VT,Vermont,24.7,,Male,"(43.62538123900049, -72.51764079099962)",Male,GEN,MALE
2015,2015,VT,Vermont,25.6,,Female,"(43.62538123900049, -72.51764079099962)",Female,GEN,FEMALE
2011,2011,VA,Virginia,29.7,,Male,"(37.54268067400045, -78.45789046299967)",Male,GEN,MALE
2011,2011,VA,Virginia,28.6,,Female,"(37.54268067400045, -78.45789046299967)",Female,GEN,FEMALE
2012,2012,VA,Virginia,27.3,,Male,"(37.54268067400045, -78.45789046299967)",Male,GEN,MALE
2012,2012,VA,Virginia,27.5,,Female,"(37.54268067400045, -78.45789046299967)",Female,GEN,FEMALE
2013,2013,VA,Virginia,27.1,,Male,"(37.54268067400045, -78.45789046299967)",Male,GEN,MALE
2013,2013,VA,Virginia,27.3,,Female,"(37.54268067400045, -78.45789046299967)",Female,GEN,FEMALE
2014,2014,VA,Virginia,27.7,,Male,"(37.54268067400045, -78.45789046299967)",Male,GEN,MALE
2014,2014,VA,Virginia,29.3,,Female,"(37.54268067400045, -78.45789046299967)",Female,GEN,FEMALE
2015,2015,VA,Virginia,28.8,,Male,"(37.54268067400045, -78.45789046299967)",Male,GEN,MALE
2015,2015,VA,Virginia,29.7,,Female,"(37.54268067400045, -78.45789046299967)",Female,GEN,FEMALE
2011,2011,WA,Washington,27.9,,Male,"(47.52227862900048, -120.47001078999972)",Male,GEN,MALE
2011,2011,WA,Washington,24.9,,Female,"(47.52227862900048, -120.47001078999972)",Female,GEN,FEMALE
2012,2012,WA,Washington,27.3,,Male,"(47.52227862900048, -120.47001078999972)",Male,GEN,MALE
2012,2012,WA,Washington,26.3,,Female,"(47.52227862900048, -120.47001078999972)",Female,GEN,FEMALE
2013,2013,WA,Washington,26.6,,Male,"(47.52227862900048, -120.47001078999972)",Male,GEN,MALE
2013,2013,WA,Washington,27.7,,Female,"(47.52227862900048, -120.47001078999972)",Female,GEN,FEMALE
2014,2014,WA,Washington,28.5,,Male,"(47.52227862900048, -120.47001078999972)",Male,GEN,MALE
2014,2014,WA,Washington,26,,Female,"(47.52227862900048, -120.47001078999972)",Female,GEN,FEMALE
2015,2015,WA,Washington,26.9,,Male,"(47.52227862900048, -120.47001078999972)",Male,GEN,MALE
2015,2015,WA,Washington,25.9,,Female,"(47.52227862900048, -120.47001078999972)",Female,GEN,FEMALE
2011,2011,WV,West Virginia,30.7,,Male,"(38.66551020200046, -80.71264013499967)",Male,GEN,MALE
2011,2011,WV,West Virginia,34.2,,Female,"(38.66551020200046, -80.71264013499967)",Female,GEN,FEMALE
2012,2012,WV,West Virginia,34.5,,Male,"(38.66551020200046, -80.71264013499967)",Male,GEN,MALE
2012,2012,WV,West Virginia,33.1,,Female,"(38.66551020200046, -80.71264013499967)",Female,GEN,FEMALE
2013,2013,WV,West Virginia,35.4,,Male,"(38.66551020200046, -80.71264013499967)",Male,GEN,MALE
2013,2013,WV,West Virginia,34.9,,Female,"(38.66551020200046, -80.71264013499967)",Female,GEN,FEMALE
2014,2014,WV,West Virginia,35.3,,Male,"(38.66551020200046, -80.71264013499967)",Male,GEN,MALE
2014,2014,WV,West Virginia,36,,Female,"(38.66551020200046, -80.71264013499967)",Female,GEN,FEMALE
2015,2015,WV,West Virginia,37.4,,Male,"(38.66551020200046, -80.71264013499967)",Male,GEN,MALE
2015,2015,WV,West Virginia,33.8,,Female,"(38.66551020200046, -80.71264013499967)",Female,GEN,FEMALE
2011,2011,WI,Wisconsin,29.3,,Male,"(44.39319117400049, -89.81637074199966)",Male,GEN,MALE
2011,2011,WI,Wisconsin,26.1,,Female,"(44.39319117400049, -89.81637074199966)",Female,GEN,FEMALE
2012,2012,WI,Wisconsin,29.6,,Male,"(44.39319117400049, -89.81637074199966)",Male,GEN,MALE
2012,2012,WI,Wisconsin,29.8,,Female,"(44.39319117400049, -89.81637074199966)",Female,GEN,FEMALE
2013,2013,WI,Wisconsin,30.7,,Male,"(44.39319117400049, -89.81637074199966)",Male,GEN,MALE
2013,2013,WI,Wisconsin,28.7,,Female,"(44.39319117400049, -89.81637074199966)",Female,GEN,FEMALE
2014,2014,WI,Wisconsin,31.8,,Male,"(44.39319117400049, -89.81637074199966)",Male,GEN,MALE
2014,2014,WI,Wisconsin,30.5,,Female,"(44.39319117400049, -89.81637074199966)",Female,GEN,FEMALE
2015,2015,WI,Wisconsin,31.2,,Male,"(44.39319117400049, -89.81637074199966)",Male,GEN,MALE
2015,2015,WI,Wisconsin,30.1,,Female,"(44.39319117400049, -89.81637074199966)",Female,GEN,FEMALE
2011,2011,WY,Wyoming,26.1,,Male,"(43.23554134300048, -108.10983035299967)",Male,GEN,MALE
2011,2011,WY,Wyoming,23.8,,Female,"(43.23554134300048, -108.10983035299967)",Female,GEN,FEMALE
2012,2012,WY,Wyoming,22.6,,Male,"(43.23554134300048, -108.10983035299967)",Male,GEN,MALE
2012,2012,WY,Wyoming,26.8,,Female,"(43.23554134300048, -108.10983035299967)",Female,GEN,FEMALE
2013,2013,WY,Wyoming,28.2,,Male,"(43.23554134300048, -108.10983035299967)",Male,GEN,MALE
2013,2013,WY,Wyoming,27.4,,Female,"(43.23554134300048, -108.10983035299967)",Female,GEN,FEMALE
2014,2014,WY,Wyoming,29.7,,Male,"(43.23554134300048, -108.10983035299967)",Male,GEN,MALE
2014,2014,WY,Wyoming,29.2,,Female,"(43.23554134300048, -108.10983035299967)",Female,GEN,FEMALE
2015,2015,WY,Wyoming,30.1,,Male,"(43.23554134300048, -108.10983035299967)",Male,GEN,MALE
2015,2015,WY,Wyoming,27.8,,Female,"(43.23554134300048, -108.10983035299967)",Female,GEN,FEMALE
